Age,Income,LoanAmount,CreditScore,EmploymentYears,DebtToIncome,Default
59,53284.0,7552.0,653.0,14,0.32,0
49,93380.0,50538.0,659.0,2,0.19,0
35,54808.0,27503.0,645.0,18,0.44,1
28,29937.0,10556.0,650.0,9,0.26,0
41,55085.0,32146.0,696.0,27,0.2,1
59,54546.0,16848.0,657.0,28,0.42,0
39,20000.0,11841.0,741.0,14,0.24,0
43,58914.0,25566.0,789.0,2,0.14,1
31,55381.0,23113.0,665.0,5,0.33,0
31,73924.0,13526.0,714.0,11,0.33,0
44,96979.0,52462.0,730.0,14,0.39,0
56,82531.0,25894.0,728.0,5,0.2,0
44,54622.0,9893.0,705.0,12,0.28,0
23,37869.0,4026.0,745.0,28,0.21,0
42,111467.0,42344.0,729.0,18,0.13,1
22,61184.0,22253.0,626.0,2,0.45,1
44,60279.0,27709.0,752.0,7,0.39,0
50,59517.0,32445.0,753.0,7,0.22,0
58,63962.0,8936.0,654.0,22,0.34,0
22,57113.0,26600.0,702.0,25,0.18,1
41,48527.0,9400.0,741.0,19,0.46,0
53,49063.0,25959.0,687.0,14,0.15,0
32,59345.0,30238.0,764.0,3,0.1,0
42,49132.0,18198.0,842.0,18,0.3,0
45,45743.0,20819.0,653.0,20,0.33,0
47,62129.0,15978.0,617.0,2,0.33,1
48,54900.0,18424.0,718.0,12,0.12,1
36,90080.0,46014.0,743.0,7,0.23,0
35,20000.0,6593.0,686.0,22,0.3,0
23,81830.0,22822.0,787.0,15,0.19,1
57,84922.0,29477.0,620.0,12,0.45,0
27,20000.0,10282.0,742.0,2,0.13,0
41,53146.0,14222.0,664.0,15,0.29,0
29,52571.0,9825.0,803.0,8,0.38,0
59,31850.0,14524.0,820.0,27,0.2,0
38,44444.0,22799.0,654.0,13,0.35,0
24,37788.0,5680.0,667.0,12,0.43,0
45,95045.0,20904.0,752.0,20,0.18,0
34,78714.0,13459.0,677.0,24,0.47,1
29,85431.0,23406.0,697.0,6,0.32,1
46,74433.0,24204.0,702.0,14,0.22,1
22,37419.0,17752.0,585.0,6,0.27,1
40,49510.0,21070.0,699.0,5,0.22,0
48,69787.0,28645.0,659.0,1,0.39,0
27,35557.0,9821.0,670.0,8,0.42,1
28,74260.0,38669.0,787.0,21,0.43,0
55,55193.0,18525.0,625.0,23,0.49,0
34,52504.0,30954.0,749.0,16,0.42,1
37,74219.0,30955.0,683.0,4,0.34,0
56,68885.0,11237.0,683.0,11,0.24,0
24,52781.0,23123.0,747.0,0,0.32,1
22,83187.0,21841.0,720.0,9,0.12,1
26,38379.0,17008.0,734.0,10,0.4,0
24,72319.0,9750.0,758.0,15,0.28,1
49,71862.0,13470.0,680.0,13,0.11,0
38,53809.0,28404.0,663.0,7,0.13,1
46,66523.0,14209.0,635.0,23,0.25,0
54,34978.0,18137.0,650.0,16,0.33,0
30,78481.0,18807.0,850.0,24,0.29,0
56,56302.0,23728.0,775.0,17,0.35,1
34,49546.0,22151.0,619.0,11,0.29,1
51,80980.0,28855.0,621.0,24,0.36,0
35,45913.0,11600.0,729.0,16,0.19,0
28,31831.0,6567.0,733.0,27,0.15,0
34,28867.0,3366.0,733.0,25,0.34,0
43,72120.0,18172.0,685.0,13,0.29,0
41,34391.0,14671.0,692.0,15,0.11,0
36,95096.0,54124.0,720.0,13,0.25,0
38,20000.0,10712.0,705.0,8,0.14,0
44,93929.0,45371.0,567.0,3,0.31,1
46,64220.0,31739.0,686.0,24,0.26,0
45,58066.0,25113.0,649.0,22,0.35,0
49,49102.0,11300.0,711.0,10,0.42,1
35,67983.0,37635.0,850.0,5,0.22,0
21,59247.0,25794.0,722.0,14,0.48,0
45,82066.0,31203.0,681.0,4,0.31,1
27,62285.0,9685.0,755.0,10,0.35,0
29,63006.0,20384.0,729.0,24,0.37,1
44,52728.0,17410.0,725.0,17,0.37,0
21,58861.0,31331.0,736.0,29,0.3,0
28,66156.0,24698.0,823.0,12,0.27,0
44,25797.0,7486.0,632.0,10,0.12,1
31,33036.0,19439.0,728.0,13,0.11,0
37,74865.0,11631.0,644.0,27,0.24,0
28,63417.0,19740.0,733.0,17,0.23,1
55,56320.0,6815.0,645.0,26,0.26,0
55,60369.0,28370.0,675.0,27,0.16,0
53,66952.0,37429.0,682.0,24,0.4,0
25,49205.0,11810.0,759.0,27,0.44,0
59,44434.0,23513.0,755.0,18,0.48,0
48,63917.0,15731.0,625.0,23,0.3,0
27,40433.0,22456.0,703.0,26,0.38,0
29,68165.0,32513.0,657.0,14,0.44,0
28,25948.0,13038.0,624.0,8,0.27,1
32,80583.0,8784.0,687.0,7,0.22,1
54,69452.0,40380.0,681.0,19,0.47,1
53,65121.0,30173.0,846.0,27,0.31,0
43,79654.0,20103.0,726.0,0,0.3,0
44,93309.0,48026.0,617.0,3,0.17,0
57,80287.0,19330.0,666.0,13,0.14,0
55,23183.0,12435.0,761.0,24,0.44,0
42,34408.0,5378.0,825.0,1,0.35,0
47,47504.0,21464.0,605.0,15,0.23,1
55,60522.0,22414.0,587.0,2,0.18,0
21,70353.0,10431.0,812.0,25,0.32,0
55,45485.0,10050.0,723.0,7,0.33,0
57,63735.0,6769.0,648.0,5,0.18,0
34,44892.0,15011.0,732.0,15,0.44,0
23,47770.0,11973.0,550.0,23,0.13,0
21,31867.0,12721.0,700.0,15,0.24,1
25,41535.0,10326.0,720.0,6,0.37,0
46,32966.0,8240.0,755.0,29,0.21,0
34,40483.0,19091.0,639.0,12,0.43,0
59,81073.0,10059.0,705.0,12,0.4,0
47,41012.0,22616.0,644.0,4,0.42,1
29,112648.0,59268.0,715.0,24,0.15,1
35,69866.0,30315.0,646.0,19,0.16,0
35,63697.0,25263.0,676.0,21,0.21,1
46,42833.0,23393.0,640.0,17,0.31,1
33,74006.0,14258.0,739.0,14,0.4,0
52,48487.0,6763.0,752.0,17,0.43,0
59,62440.0,13722.0,686.0,1,0.38,1
52,111202.0,55299.0,702.0,9,0.47,0
24,58079.0,6815.0,613.0,22,0.4,0
50,82985.0,32481.0,682.0,12,0.22,0
57,45936.0,27457.0,697.0,17,0.21,1
43,59300.0,31302.0,850.0,14,0.38,1
59,95416.0,34419.0,633.0,11,0.18,1
35,47461.0,6256.0,788.0,14,0.14,0
49,96249.0,49634.0,760.0,12,0.31,0
56,74155.0,29624.0,717.0,17,0.43,0
33,48751.0,7677.0,806.0,14,0.14,0
52,72648.0,10674.0,722.0,24,0.42,0
27,79451.0,44081.0,723.0,22,0.42,1
42,72436.0,31481.0,697.0,10,0.29,1
48,28596.0,14716.0,773.0,18,0.12,0
22,45457.0,24524.0,766.0,2,0.17,0
26,55050.0,21243.0,662.0,6,0.38,0
48,58511.0,20989.0,621.0,20,0.38,0
48,72413.0,22826.0,688.0,25,0.46,1
40,63554.0,16427.0,652.0,13,0.33,1
50,33293.0,10564.0,696.0,13,0.15,0
31,67604.0,32919.0,774.0,21,0.15,0
48,72212.0,28954.0,673.0,12,0.39,0
45,71196.0,38892.0,697.0,11,0.17,0
59,81616.0,26255.0,703.0,23,0.23,0
53,76678.0,30943.0,751.0,8,0.29,0
21,69184.0,28756.0,565.0,0,0.11,0
47,58597.0,23195.0,664.0,18,0.2,1
33,26781.0,12087.0,713.0,10,0.26,0
23,68592.0,15002.0,772.0,22,0.21,0
59,64154.0,22850.0,670.0,21,0.15,0
26,65432.0,9953.0,587.0,22,0.39,0
28,34465.0,10073.0,737.0,23,0.43,0
47,38379.0,13196.0,662.0,21,0.2,0
29,81063.0,34542.0,629.0,18,0.41,0
57,59209.0,34061.0,663.0,17,0.25,0
53,73630.0,29476.0,689.0,11,0.3,1
44,60566.0,28575.0,664.0,22,0.44,0
35,60595.0,21398.0,568.0,27,0.4,1
52,78766.0,32849.0,754.0,27,0.42,0
52,49679.0,6730.0,776.0,27,0.15,0
44,61922.0,14069.0,739.0,26,0.13,0
32,50754.0,14258.0,632.0,0,0.46,0
59,51310.0,17253.0,688.0,18,0.26,1
22,53817.0,6610.0,700.0,27,0.22,0
23,64443.0,10956.0,736.0,26,0.39,1
57,50425.0,12022.0,740.0,19,0.43,1
37,85115.0,49858.0,656.0,28,0.44,1
22,42108.0,11187.0,705.0,29,0.23,0
22,56263.0,19187.0,727.0,16,0.44,0
48,51205.0,10141.0,787.0,4,0.12,1
43,88940.0,36055.0,742.0,25,0.12,0
57,63931.0,15365.0,747.0,2,0.35,0
52,80637.0,16409.0,705.0,1,0.13,0
53,30289.0,10852.0,785.0,2,0.23,0
21,65341.0,6714.0,725.0,7,0.37,0
39,77793.0,8077.0,648.0,15,0.23,0
22,61646.0,12917.0,784.0,5,0.17,0
46,81310.0,9624.0,742.0,12,0.21,0
52,49654.0,7647.0,673.0,29,0.28,0
26,88187.0,23760.0,671.0,22,0.29,0
52,105978.0,53126.0,718.0,27,0.41,0
24,52743.0,20360.0,728.0,21,0.4,0
31,51090.0,18205.0,712.0,21,0.28,0
37,89068.0,21977.0,719.0,15,0.44,0
58,91591.0,51829.0,802.0,27,0.15,0
44,49543.0,14789.0,764.0,15,0.2,0
25,51596.0,7406.0,711.0,2,0.43,0
54,54364.0,22210.0,756.0,27,0.25,0
26,33111.0,5196.0,638.0,12,0.49,0
42,41627.0,11348.0,724.0,13,0.29,0
31,39917.0,14119.0,809.0,7,0.42,0
36,44644.0,23979.0,687.0,11,0.26,0
53,59306.0,20566.0,649.0,22,0.27,0
29,64684.0,29181.0,661.0,22,0.25,1
26,91010.0,54279.0,635.0,21,0.39,1
36,40033.0,6635.0,653.0,20,0.32,1
49,79686.0,18915.0,678.0,25,0.48,0
23,55720.0,16565.0,616.0,7,0.2,0
40,59011.0,18347.0,701.0,20,0.14,1
56,73496.0,22454.0,754.0,24,0.26,0
39,37546.0,20793.0,646.0,8,0.35,0
46,67648.0,30916.0,791.0,0,0.44,1
23,63329.0,25582.0,731.0,5,0.24,0
39,69849.0,17790.0,762.0,22,0.36,0
40,65783.0,33674.0,661.0,18,0.24,0
52,109106.0,63012.0,751.0,22,0.35,0
27,47245.0,24123.0,634.0,10,0.45,0
53,49380.0,4977.0,753.0,10,0.19,0
59,47537.0,19880.0,710.0,22,0.26,0
38,48890.0,6139.0,733.0,29,0.5,0
21,47252.0,10811.0,629.0,12,0.45,0
31,83780.0,10872.0,646.0,10,0.33,1
48,88410.0,35532.0,736.0,17,0.31,0
45,48585.0,21538.0,643.0,22,0.21,0
43,43353.0,6817.0,728.0,14,0.31,0
51,69428.0,20267.0,618.0,0,0.44,1
50,48956.0,16063.0,751.0,20,0.37,0
55,72659.0,20673.0,626.0,24,0.22,0
27,64058.0,10282.0,733.0,6,0.18,0
36,29685.0,9187.0,738.0,22,0.21,0
46,90950.0,43255.0,658.0,26,0.17,0
22,95918.0,12997.0,735.0,12,0.14,0
21,47744.0,6688.0,716.0,11,0.27,0
32,52246.0,14492.0,668.0,17,0.15,0
25,65717.0,37516.0,639.0,23,0.17,1
57,66689.0,28962.0,582.0,18,0.32,1
52,73171.0,32147.0,721.0,14,0.17,0
29,100204.0,28153.0,606.0,7,0.13,1
55,56461.0,22405.0,706.0,18,0.23,0
39,44034.0,4626.0,684.0,9,0.19,0
36,32414.0,13550.0,741.0,6,0.31,0
23,45381.0,25261.0,682.0,17,0.14,0
40,59337.0,24108.0,680.0,15,0.4,1
44,95891.0,51479.0,744.0,19,0.46,0
53,49648.0,22937.0,720.0,26,0.4,0
44,64476.0,10334.0,719.0,5,0.31,0
31,59672.0,32893.0,728.0,26,0.44,0
28,83768.0,11160.0,608.0,8,0.38,1
56,110539.0,40566.0,745.0,20,0.1,0
58,49383.0,8448.0,737.0,12,0.26,1
40,50211.0,5315.0,639.0,24,0.44,0
55,80883.0,25156.0,685.0,20,0.24,0
45,73638.0,18227.0,698.0,25,0.11,1
55,96934.0,33248.0,692.0,7,0.4,1
45,71679.0,27854.0,720.0,15,0.42,0
49,52814.0,6436.0,786.0,12,0.16,0
38,71813.0,11598.0,765.0,12,0.31,0
38,82174.0,31170.0,621.0,16,0.18,0
22,76410.0,20752.0,737.0,22,0.39,0
55,70145.0,32589.0,780.0,19,0.21,1
36,81333.0,34660.0,723.0,4,0.23,0
56,83386.0,43594.0,765.0,21,0.44,0
53,87643.0,39110.0,821.0,20,0.29,0
24,72974.0,22984.0,761.0,27,0.37,0
53,56658.0,24730.0,715.0,16,0.26,0
34,62934.0,14959.0,763.0,27,0.22,0
41,84130.0,21298.0,709.0,8,0.35,0
40,43661.0,21590.0,701.0,1,0.16,1
28,67373.0,21776.0,679.0,24,0.25,1
27,52133.0,26024.0,794.0,25,0.18,0
23,60575.0,30967.0,651.0,17,0.38,0
37,85569.0,45247.0,792.0,8,0.48,1
53,63822.0,35633.0,730.0,5,0.5,0
32,60929.0,19223.0,616.0,10,0.28,1
42,32803.0,8510.0,722.0,24,0.2,1
42,74925.0,29303.0,574.0,28,0.28,0
50,72910.0,20822.0,738.0,5,0.44,0
58,103265.0,41361.0,753.0,5,0.18,0
58,53844.0,24380.0,664.0,12,0.48,0
28,64383.0,28599.0,707.0,10,0.24,0
47,64988.0,18669.0,817.0,13,0.49,0
47,91549.0,16793.0,670.0,1,0.44,0
54,58094.0,18315.0,636.0,7,0.42,0
41,65580.0,11234.0,789.0,2,0.23,0
50,72158.0,39330.0,818.0,22,0.1,0
53,63732.0,17395.0,700.0,20,0.25,1
48,51071.0,9051.0,761.0,2,0.22,0
53,63882.0,7201.0,780.0,0,0.11,0
25,81473.0,34456.0,655.0,23,0.3,0
39,39470.0,16516.0,671.0,18,0.26,0
24,62659.0,16937.0,774.0,17,0.35,0
55,45998.0,6249.0,801.0,16,0.35,0
37,83901.0,25574.0,734.0,19,0.15,0
48,29536.0,7550.0,647.0,28,0.49,0
50,48822.0,21411.0,819.0,23,0.17,0
49,67544.0,27213.0,668.0,12,0.28,0
26,91310.0,25777.0,680.0,2,0.3,0
55,58685.0,12262.0,721.0,29,0.43,0
57,48896.0,29045.0,793.0,0,0.14,0
44,97623.0,31923.0,751.0,3,0.27,0
49,31040.0,13786.0,725.0,24,0.35,0
51,20000.0,3406.0,728.0,12,0.19,0
55,68800.0,23584.0,703.0,16,0.35,0
53,49959.0,5684.0,733.0,27,0.47,1
41,39575.0,13959.0,550.0,29,0.5,1
52,74167.0,43166.0,682.0,10,0.11,0
43,64876.0,18951.0,714.0,1,0.19,0
53,48718.0,5822.0,631.0,24,0.22,1
23,34394.0,3972.0,723.0,15,0.26,0
38,77449.0,22770.0,688.0,1,0.2,1
45,73004.0,13142.0,805.0,28,0.18,0
51,58016.0,6479.0,794.0,18,0.48,0
23,96933.0,46344.0,672.0,22,0.47,1
44,38598.0,12709.0,691.0,18,0.12,0
52,29489.0,7214.0,696.0,24,0.24,0
42,46162.0,25391.0,673.0,15,0.26,1
43,59088.0,9340.0,712.0,21,0.2,1
22,64867.0,37490.0,655.0,18,0.35,0
47,55175.0,14179.0,632.0,8,0.36,0
22,67041.0,36484.0,737.0,0,0.44,1
46,34969.0,14039.0,738.0,9,0.4,0
37,88875.0,45624.0,652.0,18,0.32,1
53,58357.0,34548.0,754.0,0,0.36,1
29,82346.0,20109.0,662.0,1,0.21,0
59,66855.0,38814.0,715.0,15,0.34,1
49,69135.0,20377.0,749.0,11,0.3,0
46,71395.0,20901.0,698.0,7,0.15,0
55,68954.0,18631.0,727.0,22,0.2,0
45,72854.0,27007.0,669.0,17,0.22,0
44,86583.0,15331.0,688.0,1,0.47,0
33,63930.0,24093.0,688.0,24,0.19,1
27,74180.0,27510.0,655.0,28,0.22,0
56,58205.0,27994.0,689.0,12,0.25,0
40,88802.0,45895.0,607.0,5,0.37,1
21,46472.0,14881.0,671.0,20,0.15,0
28,96019.0,24117.0,683.0,25,0.48,0
36,59197.0,13596.0,685.0,5,0.45,0
34,31384.0,6193.0,686.0,8,0.33,1
32,62562.0,8059.0,696.0,15,0.37,0
43,46379.0,12579.0,729.0,10,0.11,0
35,76813.0,18061.0,752.0,6,0.24,0
48,46948.0,27380.0,661.0,9,0.42,0
54,51076.0,19350.0,628.0,9,0.13,0
22,22209.0,6077.0,637.0,29,0.21,0
52,50954.0,19884.0,671.0,24,0.33,0
43,20000.0,3392.0,679.0,19,0.2,1
42,28322.0,9120.0,654.0,17,0.47,0
45,75208.0,31070.0,622.0,27,0.15,0
42,75716.0,26080.0,673.0,23,0.42,0
42,68509.0,20614.0,711.0,19,0.3,0
26,40660.0,24271.0,736.0,28,0.4,1
35,59046.0,31894.0,667.0,8,0.22,0
57,59928.0,24673.0,675.0,14,0.31,0
53,36833.0,14169.0,644.0,3,0.44,1
28,90068.0,36958.0,698.0,7,0.29,0
25,77547.0,15560.0,649.0,8,0.24,0
59,55581.0,16539.0,734.0,12,0.31,0
24,60538.0,7248.0,593.0,8,0.39,0
26,64168.0,21674.0,678.0,25,0.28,0
52,20000.0,7430.0,718.0,3,0.48,0
50,55056.0,11775.0,711.0,16,0.22,0
55,46360.0,26982.0,850.0,15,0.29,1
36,39968.0,22171.0,721.0,14,0.4,0
33,54378.0,25072.0,640.0,2,0.38,0
50,95954.0,35186.0,694.0,24,0.45,0
39,72817.0,38956.0,593.0,19,0.5,1
37,48576.0,8031.0,695.0,4,0.27,0
39,71452.0,35387.0,650.0,22,0.14,1
48,87987.0,14290.0,755.0,4,0.11,0
46,78493.0,39019.0,667.0,19,0.39,1
57,61193.0,14557.0,693.0,14,0.45,1
46,47061.0,25345.0,662.0,17,0.19,0
43,73964.0,42309.0,804.0,14,0.16,0
29,67870.0,11836.0,681.0,1,0.12,0
32,77904.0,25812.0,810.0,28,0.43,0
21,72703.0,42931.0,749.0,12,0.22,1
21,80991.0,27675.0,729.0,3,0.26,0
54,49295.0,26214.0,722.0,9,0.3,1
52,86348.0,34053.0,724.0,12,0.44,0
45,63952.0,18397.0,584.0,9,0.36,1
21,101505.0,24655.0,683.0,28,0.35,1
36,46216.0,9318.0,751.0,8,0.17,0
59,94719.0,45550.0,697.0,7,0.31,0
25,63958.0,18757.0,616.0,2,0.39,0
42,46972.0,16705.0,697.0,15,0.49,1
49,50322.0,17420.0,802.0,13,0.18,1
23,53593.0,20828.0,775.0,8,0.1,0
32,68483.0,36487.0,696.0,29,0.13,0
46,70457.0,41596.0,757.0,20,0.25,0
36,48526.0,14742.0,678.0,10,0.43,1
57,59513.0,30575.0,598.0,2,0.1,0
42,102845.0,49599.0,645.0,4,0.28,1
49,94551.0,36569.0,794.0,28,0.23,0
34,68726.0,39726.0,684.0,9,0.12,0
48,60760.0,12166.0,685.0,12,0.28,0
25,62401.0,9649.0,682.0,3,0.2,0
50,72270.0,38085.0,814.0,23,0.24,0
25,39544.0,12637.0,798.0,12,0.38,0
32,54852.0,28714.0,833.0,11,0.31,0
36,26628.0,14554.0,690.0,4,0.15,0
46,67984.0,8922.0,718.0,9,0.48,0
46,72944.0,39516.0,609.0,27,0.35,1
41,50336.0,16317.0,789.0,23,0.41,1
59,91480.0,32495.0,630.0,8,0.13,1
56,35485.0,14666.0,713.0,19,0.12,1
53,30713.0,17297.0,634.0,6,0.11,1
50,64489.0,7065.0,665.0,1,0.18,0
57,80942.0,27393.0,650.0,21,0.27,0
43,93679.0,41580.0,664.0,23,0.47,1
30,50822.0,23447.0,668.0,27,0.28,0
25,81574.0,36404.0,667.0,22,0.22,0
56,59230.0,9904.0,750.0,6,0.32,0
54,56547.0,14120.0,634.0,7,0.14,0
51,77673.0,21699.0,713.0,6,0.34,0
30,73046.0,36685.0,773.0,20,0.33,0
39,28472.0,6816.0,669.0,22,0.42,0
52,89531.0,18385.0,657.0,28,0.49,0
21,87602.0,50697.0,686.0,13,0.2,0
25,47489.0,4959.0,771.0,25,0.3,0
24,67916.0,40676.0,712.0,18,0.46,0
36,69881.0,30636.0,668.0,4,0.41,1
44,65213.0,33535.0,729.0,22,0.29,1
36,48994.0,12117.0,634.0,24,0.48,0
22,46568.0,4990.0,741.0,17,0.12,0
48,59489.0,27896.0,725.0,19,0.47,0
52,83455.0,43152.0,682.0,11,0.12,0
47,70872.0,33327.0,650.0,22,0.32,0
40,52588.0,9015.0,647.0,16,0.46,0
44,75434.0,35960.0,732.0,12,0.21,0
32,20000.0,9689.0,774.0,1,0.29,0
55,82975.0,35619.0,662.0,24,0.23,1
53,25206.0,12176.0,728.0,12,0.48,1
53,52751.0,27587.0,575.0,25,0.43,1
57,37607.0,15298.0,665.0,6,0.38,0
32,34106.0,4922.0,698.0,27,0.34,0
23,83217.0,28611.0,645.0,9,0.43,0
21,50646.0,7031.0,644.0,22,0.26,0
53,66930.0,20331.0,660.0,5,0.28,0
30,59062.0,17928.0,718.0,2,0.39,0
49,69541.0,9249.0,689.0,25,0.24,1
33,61536.0,16886.0,566.0,2,0.13,0
32,34340.0,5340.0,573.0,17,0.13,1
51,79925.0,40292.0,664.0,10,0.15,0
22,50125.0,28764.0,727.0,21,0.45,0
55,28868.0,3931.0,550.0,19,0.29,0
43,51438.0,29708.0,670.0,4,0.39,0
37,90015.0,32521.0,668.0,18,0.26,0
46,77004.0,19234.0,783.0,21,0.2,0
28,53027.0,7341.0,677.0,26,0.24,0
49,53015.0,18572.0,723.0,27,0.42,1
46,53567.0,26637.0,708.0,18,0.35,0
30,101535.0,46050.0,572.0,29,0.48,1
46,67639.0,8462.0,746.0,14,0.37,0
54,68601.0,9361.0,713.0,29,0.33,0
27,80606.0,24298.0,730.0,15,0.34,1
24,64776.0,16041.0,850.0,23,0.48,0
31,54819.0,11851.0,575.0,8,0.42,1
49,56073.0,13486.0,803.0,3,0.11,0
56,58568.0,29386.0,683.0,14,0.31,1
45,59256.0,33457.0,717.0,24,0.38,0
41,74553.0,22556.0,697.0,11,0.4,1
56,61039.0,33758.0,675.0,22,0.19,0
30,74653.0,19466.0,666.0,2,0.45,0
57,58386.0,19747.0,720.0,22,0.48,0
29,61573.0,13116.0,609.0,13,0.19,1
44,20036.0,8420.0,745.0,16,0.45,0
55,78327.0,46173.0,675.0,18,0.14,0
55,66930.0,26889.0,632.0,5,0.12,1
56,79960.0,22301.0,673.0,3,0.15,1
38,20000.0,8478.0,775.0,6,0.12,0
59,101767.0,16431.0,668.0,29,0.44,0
52,57208.0,31140.0,722.0,18,0.12,1
44,82164.0,28884.0,656.0,16,0.21,1
43,39202.0,12728.0,745.0,24,0.14,0
52,72255.0,28392.0,741.0,15,0.22,0
57,38932.0,16055.0,811.0,14,0.14,0
32,47525.0,6458.0,689.0,21,0.37,1
33,98281.0,43372.0,740.0,7,0.15,0
43,56186.0,12415.0,706.0,18,0.44,0
45,64349.0,29406.0,778.0,7,0.43,0
55,77401.0,39573.0,657.0,17,0.11,1
50,69914.0,35095.0,745.0,27,0.46,0
37,63008.0,23707.0,688.0,15,0.11,0
40,67299.0,24233.0,696.0,19,0.2,0
45,108068.0,18527.0,706.0,18,0.11,0
42,58848.0,28698.0,715.0,9,0.23,0
33,64022.0,15090.0,693.0,16,0.31,0
39,81013.0,28221.0,713.0,12,0.42,0
56,82111.0,19882.0,795.0,12,0.24,1
32,83741.0,13977.0,759.0,6,0.38,0
39,72775.0,30185.0,752.0,26,0.18,0
32,37140.0,4723.0,673.0,9,0.4,0
29,92669.0,43955.0,647.0,1,0.19,1
27,37073.0,9594.0,757.0,3,0.16,0
48,66053.0,6610.0,753.0,24,0.17,0
34,44914.0,15970.0,788.0,5,0.17,0
51,58717.0,7247.0,664.0,23,0.31,0
39,66575.0,15851.0,686.0,17,0.44,1
36,66427.0,30124.0,602.0,22,0.13,0
25,68438.0,8989.0,676.0,5,0.38,1
55,92274.0,47952.0,760.0,28,0.36,0
32,69071.0,7039.0,672.0,29,0.45,0
45,55117.0,12314.0,738.0,24,0.2,0
41,79282.0,37298.0,689.0,22,0.28,0
56,83789.0,21629.0,719.0,16,0.47,0
43,35448.0,5351.0,631.0,13,0.36,0
36,71948.0,20154.0,705.0,23,0.26,0
59,74023.0,17410.0,550.0,10,0.15,1
59,54049.0,28179.0,689.0,25,0.2,0
34,87514.0,22463.0,602.0,18,0.33,1
51,56999.0,28184.0,772.0,29,0.39,0
25,62512.0,34127.0,747.0,1,0.15,0
55,56539.0,17918.0,728.0,27,0.34,1
43,60312.0,33471.0,791.0,2,0.32,0
49,38074.0,10991.0,643.0,10,0.31,1
31,31199.0,18159.0,805.0,5,0.38,0
38,91890.0,13291.0,756.0,28,0.43,0
32,43061.0,19098.0,686.0,13,0.23,0
29,40172.0,13936.0,768.0,18,0.46,0
30,20000.0,5876.0,634.0,25,0.16,0
37,47221.0,19661.0,651.0,15,0.17,1
58,33538.0,15157.0,663.0,20,0.21,0
27,92840.0,9487.0,668.0,21,0.15,0
33,80196.0,14714.0,637.0,23,0.19,0
29,46237.0,21108.0,773.0,6,0.14,0
47,105049.0,45506.0,684.0,29,0.43,0
22,79635.0,46429.0,721.0,26,0.16,1
25,53503.0,25709.0,666.0,7,0.4,1
49,20000.0,11508.0,591.0,18,0.12,1
57,105819.0,47753.0,716.0,19,0.48,1
58,32209.0,8021.0,585.0,15,0.38,0
39,27092.0,4136.0,696.0,21,0.1,1
28,80451.0,39495.0,618.0,26,0.41,0
21,108795.0,45920.0,819.0,6,0.31,0
42,87685.0,10881.0,755.0,8,0.41,0
37,71278.0,19960.0,706.0,12,0.31,0
27,71895.0,41584.0,776.0,0,0.36,1
45,77068.0,26989.0,649.0,28,0.41,0
24,75179.0,23784.0,733.0,7,0.26,0
56,65624.0,21580.0,712.0,23,0.1,0
26,62084.0,12693.0,716.0,21,0.44,0
51,58748.0,16705.0,776.0,3,0.25,0
39,44921.0,12798.0,744.0,2,0.3,0
59,54386.0,6862.0,717.0,26,0.1,0
47,26141.0,12647.0,601.0,2,0.3,0
30,58033.0,17889.0,642.0,21,0.49,1
46,40228.0,20560.0,693.0,12,0.21,0
39,37928.0,19919.0,706.0,7,0.26,0
59,63598.0,13101.0,632.0,6,0.37,1
23,87840.0,37655.0,845.0,26,0.43,1
33,78366.0,26342.0,791.0,0,0.27,0
48,28590.0,15441.0,736.0,26,0.22,0
40,40207.0,8358.0,704.0,15,0.48,0
48,78815.0,34593.0,687.0,5,0.37,0
28,40350.0,16297.0,643.0,6,0.15,0
59,55507.0,13746.0,705.0,11,0.13,0
21,71001.0,11950.0,715.0,22,0.29,1
23,40633.0,17302.0,625.0,8,0.19,0
33,62108.0,29147.0,720.0,26,0.2,0
48,33319.0,8590.0,691.0,10,0.45,0
45,47973.0,20264.0,586.0,9,0.14,0
53,66396.0,19757.0,648.0,20,0.39,0
58,28140.0,12849.0,675.0,0,0.21,0
26,68809.0,13735.0,813.0,17,0.4,0
52,59607.0,32492.0,733.0,3,0.39,0
41,71050.0,17315.0,620.0,4,0.1,0
36,64478.0,18305.0,729.0,8,0.3,0
41,87283.0,11263.0,607.0,26,0.16,0
31,62504.0,9735.0,765.0,16,0.45,0
57,51412.0,18402.0,672.0,2,0.45,1
56,62446.0,14600.0,694.0,15,0.27,1
55,70866.0,36690.0,780.0,4,0.28,0
39,60977.0,6546.0,623.0,15,0.22,1
40,60812.0,17608.0,616.0,2,0.39,1
38,45960.0,12348.0,665.0,19,0.24,0
34,46742.0,5126.0,762.0,14,0.21,0
35,31948.0,5181.0,609.0,29,0.27,1
51,94992.0,29145.0,550.0,2,0.14,0
21,35123.0,12168.0,673.0,19,0.4,0
23,46142.0,13942.0,733.0,13,0.11,1
36,45632.0,16677.0,772.0,15,0.36,0
43,77898.0,30970.0,672.0,28,0.17,0
31,54101.0,5679.0,675.0,28,0.19,0
32,84955.0,28209.0,769.0,16,0.35,1
30,46530.0,27069.0,588.0,27,0.5,0
52,65580.0,23577.0,677.0,23,0.41,0
36,43293.0,18996.0,711.0,19,0.19,1
28,102903.0,26336.0,727.0,22,0.17,0
58,36248.0,17653.0,669.0,17,0.45,0
32,66196.0,32202.0,702.0,17,0.28,1
44,72676.0,26210.0,551.0,21,0.15,1
48,68276.0,40147.0,661.0,13,0.44,1
28,56294.0,9163.0,727.0,17,0.43,0
48,57404.0,6227.0,641.0,14,0.49,0
56,60876.0,29530.0,704.0,14,0.46,1
46,57060.0,28734.0,727.0,5,0.44,0
28,79278.0,12693.0,679.0,26,0.12,0
48,104210.0,24259.0,710.0,14,0.14,0
48,48850.0,5314.0,642.0,17,0.33,1
57,32604.0,8042.0,688.0,3,0.31,0
56,58234.0,28335.0,737.0,22,0.28,0
47,111594.0,40060.0,709.0,7,0.26,0
37,43927.0,12038.0,665.0,14,0.27,0
29,92782.0,26524.0,713.0,2,0.33,0
53,93554.0,9419.0,743.0,29,0.1,0
40,48928.0,12227.0,577.0,14,0.2,0
33,71380.0,30210.0,770.0,12,0.31,1
48,92568.0,54346.0,680.0,8,0.39,0
49,52417.0,27442.0,726.0,1,0.17,0
33,55928.0,6253.0,772.0,23,0.32,0
55,48366.0,26567.0,618.0,7,0.39,1
26,39705.0,19519.0,657.0,28,0.28,0
38,47014.0,23046.0,683.0,29,0.11,1
25,35521.0,11686.0,653.0,19,0.28,1
45,60682.0,18144.0,804.0,16,0.22,0
22,44601.0,11215.0,649.0,12,0.47,1
30,64676.0,8592.0,667.0,0,0.15,0
50,28882.0,6184.0,712.0,1,0.36,0
25,66618.0,14876.0,628.0,29,0.12,0
53,76671.0,26224.0,676.0,14,0.28,0
21,20125.0,9534.0,719.0,11,0.32,1
38,67481.0,22735.0,680.0,13,0.22,0
52,84553.0,10901.0,694.0,24,0.28,1
31,35807.0,20729.0,668.0,28,0.17,0
41,93451.0,53395.0,609.0,1,0.22,0
46,68380.0,33684.0,719.0,17,0.35,1
45,45900.0,27341.0,805.0,21,0.22,0
42,58885.0,21919.0,701.0,6,0.46,1
47,71167.0,41375.0,714.0,28,0.35,0
33,61520.0,8478.0,742.0,22,0.28,0
53,70775.0,20018.0,624.0,28,0.12,1
54,41587.0,8845.0,802.0,24,0.3,0
55,63387.0,12545.0,712.0,5,0.41,0
21,31726.0,5406.0,798.0,13,0.21,1
41,57775.0,23758.0,656.0,7,0.42,1
26,41922.0,20569.0,809.0,26,0.2,1
48,45289.0,17624.0,747.0,21,0.43,1
37,84722.0,14698.0,733.0,1,0.13,0
25,81826.0,41368.0,714.0,16,0.45,0
51,72183.0,30171.0,685.0,4,0.3,0
25,38154.0,11220.0,772.0,13,0.22,1
58,53672.0,23458.0,708.0,24,0.21,0
23,84262.0,19376.0,582.0,23,0.27,0
43,62834.0,17128.0,633.0,29,0.5,0
57,106387.0,59443.0,689.0,28,0.19,0
57,67866.0,16644.0,719.0,19,0.14,1
30,63841.0,21386.0,697.0,20,0.33,1
30,53818.0,29334.0,773.0,28,0.3,0
39,62671.0,28444.0,583.0,20,0.31,0
37,56951.0,7466.0,709.0,21,0.37,0
41,74162.0,12878.0,591.0,2,0.21,0
34,79134.0,8224.0,746.0,4,0.46,1
29,44280.0,18397.0,694.0,15,0.27,0
21,33375.0,10808.0,725.0,17,0.15,0
33,23276.0,3890.0,648.0,25,0.4,0
24,70160.0,40620.0,777.0,16,0.36,1
21,37933.0,13839.0,763.0,10,0.23,0
52,20000.0,4419.0,735.0,16,0.35,0
54,67772.0,23741.0,692.0,15,0.19,0
48,109860.0,48318.0,735.0,25,0.28,0
51,59879.0,8270.0,658.0,22,0.46,1
28,76770.0,18221.0,751.0,1,0.15,0
59,61637.0,31033.0,799.0,3,0.25,0
46,58022.0,19138.0,764.0,20,0.43,0
54,78382.0,29259.0,656.0,6,0.49,0
23,54195.0,17148.0,722.0,1,0.28,0
32,65348.0,7969.0,622.0,29,0.3,0
21,66434.0,12149.0,734.0,5,0.33,0
25,46638.0,15053.0,727.0,16,0.47,0
50,79841.0,16335.0,588.0,6,0.44,0
50,56501.0,7062.0,630.0,24,0.17,1
37,44885.0,23422.0,683.0,4,0.27,0
43,70730.0,41773.0,682.0,4,0.29,0
35,42031.0,20871.0,627.0,19,0.42,0
57,60564.0,31911.0,723.0,15,0.34,0
41,59818.0,13219.0,715.0,18,0.36,0
34,81718.0,47422.0,688.0,8,0.5,1
22,69494.0,13792.0,655.0,4,0.13,0
31,59499.0,34255.0,763.0,7,0.19,0
59,76355.0,45615.0,799.0,8,0.26,0
58,87804.0,40027.0,671.0,4,0.24,1
54,71156.0,42023.0,663.0,9,0.11,0
58,60207.0,23166.0,729.0,24,0.14,0
54,33763.0,7758.0,679.0,1,0.37,0
38,38698.0,12325.0,692.0,8,0.45,0
50,53896.0,21385.0,744.0,10,0.31,1
35,47810.0,6528.0,585.0,3,0.32,1
47,56261.0,23133.0,779.0,21,0.2,0
54,61133.0,36104.0,704.0,21,0.41,0
58,70594.0,13770.0,675.0,21,0.4,1
53,58590.0,29078.0,695.0,1,0.34,0
44,69730.0,38627.0,698.0,22,0.19,0
35,61289.0,35048.0,596.0,28,0.14,1
50,20491.0,11886.0,790.0,5,0.13,1
37,41213.0,14867.0,702.0,26,0.34,0
25,57118.0,33623.0,727.0,13,0.43,0
49,35806.0,17139.0,757.0,0,0.44,0
24,71999.0,13020.0,639.0,17,0.29,0
30,90615.0,30669.0,728.0,6,0.41,0
37,84375.0,38742.0,684.0,0,0.48,0
30,55731.0,12465.0,751.0,0,0.21,0
37,89815.0,37750.0,572.0,0,0.26,0
40,62973.0,27286.0,694.0,23,0.47,1
44,53258.0,9658.0,664.0,3,0.24,0
25,47732.0,18260.0,726.0,3,0.47,0
54,53951.0,26210.0,728.0,28,0.49,0
26,52236.0,18254.0,658.0,17,0.36,1
22,63408.0,6725.0,657.0,26,0.43,0
33,63211.0,6607.0,693.0,10,0.4,1
31,60061.0,16728.0,646.0,26,0.38,1
43,68739.0,38707.0,751.0,0,0.22,0
36,83813.0,17964.0,678.0,27,0.12,0
51,78991.0,32954.0,550.0,9,0.24,1
31,30302.0,6395.0,678.0,8,0.37,0
36,20000.0,5217.0,638.0,22,0.14,0
28,78686.0,41233.0,602.0,3,0.1,0
24,32662.0,15169.0,626.0,27,0.16,0
24,55505.0,8198.0,707.0,5,0.39,1
45,36598.0,11505.0,780.0,29,0.49,1
23,23960.0,3000.0,719.0,15,0.49,1
52,70829.0,24113.0,664.0,1,0.3,0
23,75183.0,32420.0,727.0,22,0.45,0
47,48470.0,7719.0,672.0,17,0.39,0
49,20000.0,4889.0,658.0,9,0.3,0
52,49075.0,14669.0,631.0,23,0.33,1
39,67836.0,37972.0,595.0,23,0.15,0
41,30422.0,18150.0,677.0,16,0.48,1
25,63667.0,7796.0,709.0,12,0.24,0
38,59694.0,28683.0,694.0,23,0.28,0
48,71586.0,20464.0,675.0,17,0.37,0
42,62392.0,18482.0,643.0,21,0.23,0
41,40539.0,19342.0,736.0,12,0.2,0
26,83931.0,46936.0,621.0,16,0.35,1
21,56829.0,32703.0,747.0,4,0.11,1
25,59454.0,23101.0,640.0,10,0.39,1
32,41335.0,11514.0,655.0,6,0.31,1
46,51134.0,25249.0,612.0,28,0.34,0
54,42304.0,9540.0,670.0,9,0.35,0
34,56541.0,21601.0,759.0,16,0.31,0
46,94234.0,26319.0,731.0,14,0.33,0
47,32562.0,13947.0,759.0,17,0.37,0
29,27729.0,6106.0,731.0,22,0.4,1
46,89423.0,17509.0,634.0,21,0.39,0
42,55814.0,31206.0,680.0,18,0.45,1
50,46619.0,7035.0,653.0,29,0.18,1
37,80798.0,28520.0,780.0,25,0.26,0
46,47888.0,10077.0,628.0,1,0.48,0
56,96520.0,11531.0,754.0,25,0.26,0
21,73559.0,8681.0,754.0,3,0.15,0
28,50242.0,9426.0,810.0,2,0.31,0
55,103146.0,55017.0,675.0,6,0.14,0
35,47886.0,11552.0,743.0,23,0.18,0
42,74842.0,43051.0,837.0,17,0.5,0
34,65986.0,25788.0,663.0,9,0.32,1
46,86035.0,27385.0,608.0,6,0.21,0
48,91230.0,35584.0,587.0,7,0.5,0
43,60640.0,21730.0,743.0,5,0.49,0
34,44932.0,21540.0,587.0,21,0.28,1
44,69199.0,16694.0,678.0,25,0.2,0
22,46446.0,12843.0,726.0,0,0.44,1
46,100268.0,54851.0,711.0,3,0.39,0
34,62731.0,35959.0,726.0,13,0.37,0
27,52694.0,28785.0,713.0,16,0.46,0
23,63694.0,19727.0,777.0,19,0.38,0
43,33057.0,16204.0,643.0,17,0.21,0
38,40568.0,13719.0,659.0,10,0.38,0
58,84008.0,29300.0,654.0,28,0.22,0
55,46862.0,9482.0,750.0,20,0.4,0
35,39062.0,15451.0,754.0,25,0.35,0
45,70733.0,13656.0,727.0,13,0.13,0
57,83714.0,22250.0,771.0,8,0.31,0
48,74379.0,39236.0,629.0,26,0.24,0
30,79921.0,16267.0,800.0,14,0.23,0
59,44864.0,6083.0,791.0,11,0.34,0
37,31564.0,4245.0,744.0,9,0.23,0
59,90027.0,51351.0,807.0,18,0.41,0
42,53546.0,18927.0,601.0,23,0.13,0
46,54983.0,16754.0,669.0,18,0.36,1
45,86564.0,43753.0,656.0,5,0.42,0
37,71125.0,36836.0,743.0,19,0.37,1
33,69118.0,18392.0,637.0,23,0.3,0
40,103300.0,46155.0,745.0,26,0.48,0
45,47130.0,22884.0,782.0,5,0.22,1
24,78557.0,33569.0,742.0,7,0.11,0
30,61140.0,10748.0,717.0,0,0.27,1
23,65372.0,35166.0,641.0,21,0.11,0
38,90569.0,33470.0,649.0,16,0.48,1
56,70157.0,16924.0,775.0,16,0.18,0
42,70766.0,22122.0,747.0,23,0.42,1
54,81450.0,9675.0,698.0,14,0.41,0
28,52701.0,8639.0,675.0,6,0.19,0
39,43216.0,20863.0,578.0,18,0.35,1
57,39104.0,3911.0,636.0,21,0.12,0
26,20673.0,6373.0,815.0,24,0.29,0
46,101124.0,36532.0,623.0,22,0.11,0
54,37936.0,4830.0,711.0,27,0.47,0
26,55575.0,32597.0,760.0,2,0.49,0
57,54464.0,11604.0,625.0,29,0.19,0
53,66148.0,16676.0,711.0,29,0.18,0
42,76315.0,19229.0,756.0,28,0.4,0
41,77209.0,16616.0,701.0,21,0.2,0
26,48338.0,4869.0,850.0,10,0.46,0
26,56658.0,26327.0,600.0,19,0.33,0
24,65652.0,38303.0,764.0,29,0.24,0
50,55026.0,11674.0,690.0,28,0.43,0
31,92147.0,39764.0,746.0,18,0.3,0
50,69819.0,32881.0,726.0,8,0.46,1
51,74698.0,39157.0,656.0,9,0.47,0
44,73258.0,22806.0,714.0,1,0.17,0
29,83469.0,20990.0,589.0,0,0.1,0
23,63620.0,16710.0,736.0,29,0.49,0
51,34063.0,15543.0,718.0,15,0.46,0
57,67994.0,34567.0,738.0,17,0.12,0
56,46973.0,8963.0,763.0,22,0.43,0
44,49428.0,14110.0,722.0,25,0.28,0
51,71727.0,39520.0,709.0,16,0.2,1
26,84766.0,42667.0,647.0,5,0.45,1
22,60425.0,35798.0,657.0,13,0.18,0
40,66177.0,31574.0,771.0,22,0.48,0
48,94044.0,27893.0,786.0,24,0.18,0
31,64815.0,25623.0,686.0,14,0.35,0
24,112034.0,48231.0,703.0,13,0.19,0
35,71310.0,9928.0,646.0,23,0.32,0
26,24785.0,9226.0,770.0,21,0.37,0
50,75067.0,34130.0,740.0,2,0.18,0
58,67623.0,12420.0,816.0,23,0.31,0
22,85795.0,42067.0,647.0,22,0.29,0
35,73464.0,28789.0,677.0,18,0.13,0
31,57231.0,32971.0,714.0,24,0.43,0
28,35514.0,4305.0,739.0,11,0.23,0
46,55820.0,12987.0,687.0,1,0.33,0
25,42990.0,17229.0,648.0,2,0.31,1
26,48390.0,12014.0,753.0,17,0.31,1
46,71772.0,32815.0,743.0,28,0.14,0
24,93398.0,44785.0,645.0,0,0.27,0
39,67893.0,10269.0,781.0,19,0.28,0
40,36082.0,12879.0,770.0,20,0.39,1
53,68892.0,24418.0,708.0,28,0.44,0
40,83933.0,23891.0,705.0,5,0.32,0
32,47804.0,27079.0,733.0,4,0.13,1
21,57320.0,29448.0,648.0,0,0.19,0
46,60294.0,27048.0,702.0,18,0.17,0
34,44302.0,20253.0,571.0,0,0.15,0
58,72966.0,24141.0,753.0,26,0.25,0
57,57581.0,32274.0,606.0,20,0.19,0
31,68391.0,30591.0,790.0,20,0.19,0
56,42250.0,19625.0,680.0,15,0.12,0
33,51251.0,27206.0,687.0,11,0.11,0
23,74448.0,17647.0,662.0,26,0.14,1
53,52543.0,26457.0,683.0,28,0.17,0
26,94539.0,18683.0,785.0,21,0.27,0
30,52007.0,14181.0,551.0,7,0.3,1
25,64494.0,17272.0,777.0,25,0.16,0
43,78652.0,46347.0,720.0,15,0.27,0
30,31633.0,16711.0,628.0,27,0.24,1
22,24784.0,11167.0,635.0,0,0.17,1
33,29487.0,13668.0,801.0,3,0.1,1
22,85252.0,32484.0,643.0,9,0.29,0
40,48963.0,28082.0,631.0,10,0.37,1
21,111164.0,38699.0,768.0,16,0.19,1
57,48715.0,14140.0,720.0,24,0.15,0
29,63691.0,11561.0,644.0,26,0.45,0
37,90842.0,44795.0,713.0,22,0.21,0
29,100122.0,46779.0,638.0,6,0.19,0
31,101230.0,29577.0,766.0,11,0.44,0
35,84167.0,9477.0,764.0,20,0.43,1
44,80481.0,41810.0,732.0,6,0.28,0
58,71851.0,7595.0,722.0,11,0.3,0
55,75567.0,34145.0,806.0,14,0.19,1
50,48976.0,28657.0,700.0,1,0.13,0
51,43636.0,13913.0,629.0,13,0.33,0
25,59933.0,13035.0,727.0,12,0.14,0
34,56596.0,25606.0,825.0,3,0.28,0
31,50935.0,25904.0,639.0,13,0.48,0
29,73928.0,27591.0,678.0,13,0.48,1
54,79106.0,46160.0,725.0,15,0.2,0
32,61768.0,7773.0,697.0,6,0.35,0
55,89551.0,31557.0,641.0,18,0.29,0
55,37166.0,17068.0,767.0,1,0.45,0
21,56127.0,29821.0,839.0,9,0.21,0
42,45664.0,8659.0,712.0,17,0.1,0
49,22669.0,11335.0,646.0,28,0.17,0
28,58346.0,21959.0,607.0,16,0.24,1
31,57565.0,17170.0,715.0,4,0.23,0
57,90269.0,14972.0,766.0,11,0.42,0
34,72616.0,38679.0,729.0,5,0.37,1
50,39516.0,7059.0,700.0,21,0.22,0
55,97082.0,24746.0,665.0,8,0.28,0
41,84421.0,20685.0,634.0,19,0.14,0
57,71642.0,38379.0,750.0,0,0.46,0
25,55470.0,24205.0,755.0,21,0.47,0
39,40811.0,20338.0,607.0,14,0.49,0
34,52556.0,11837.0,795.0,20,0.45,0
46,81775.0,33727.0,734.0,25,0.17,0
24,97692.0,37697.0,784.0,5,0.12,0
45,90865.0,46924.0,619.0,18,0.33,0
45,50223.0,27776.0,618.0,17,0.47,1
38,37608.0,3989.0,691.0,5,0.17,1
28,62818.0,27452.0,730.0,12,0.1,1
59,24631.0,3102.0,808.0,0,0.42,0
34,66463.0,24886.0,742.0,22,0.13,0
52,57048.0,13909.0,685.0,22,0.27,0
58,50679.0,12842.0,638.0,25,0.37,0
53,28106.0,7771.0,774.0,12,0.19,0
43,70272.0,28857.0,642.0,6,0.13,0
35,49346.0,13177.0,798.0,14,0.41,0
53,36602.0,17069.0,683.0,11,0.35,0
45,20000.0,6045.0,795.0,26,0.5,1
37,59450.0,7977.0,741.0,25,0.24,0
53,95445.0,46947.0,692.0,0,0.12,0
22,93225.0,22642.0,669.0,14,0.39,0
34,50858.0,16091.0,680.0,3,0.31,0
59,47956.0,21231.0,726.0,12,0.19,0
26,69375.0,18470.0,705.0,22,0.41,0
26,40032.0,5136.0,664.0,26,0.18,0
23,66036.0,18950.0,690.0,24,0.2,1
27,75322.0,43101.0,705.0,4,0.14,1
28,84539.0,35580.0,572.0,28,0.26,1
35,57997.0,25272.0,727.0,1,0.27,1
49,55927.0,23273.0,641.0,22,0.31,0
53,42440.0,8467.0,631.0,25,0.38,0
50,43462.0,13437.0,599.0,0,0.46,0
59,55470.0,26375.0,592.0,15,0.16,0
47,67347.0,10148.0,619.0,22,0.12,0
56,78272.0,18701.0,657.0,5,0.11,1
49,43936.0,10464.0,817.0,22,0.16,0
58,89854.0,28395.0,668.0,15,0.36,0
53,54578.0,32211.0,711.0,13,0.39,0
57,59573.0,7968.0,724.0,28,0.41,1
47,45056.0,16191.0,708.0,25,0.2,0
53,20000.0,3794.0,695.0,2,0.22,1
24,77681.0,45470.0,628.0,14,0.29,1
42,74737.0,11708.0,787.0,2,0.13,0
22,54373.0,16410.0,808.0,22,0.34,0
30,61340.0,28765.0,599.0,28,0.49,1
25,70319.0,31804.0,639.0,1,0.24,0
30,28749.0,8951.0,683.0,0,0.4,0
53,49419.0,13504.0,642.0,8,0.3,0
58,75885.0,22675.0,730.0,8,0.15,0
33,34914.0,8105.0,656.0,22,0.33,1
51,65871.0,13350.0,830.0,6,0.22,0
56,32868.0,11225.0,771.0,2,0.11,0
44,69329.0,16241.0,713.0,25,0.35,0
35,59287.0,14450.0,762.0,17,0.44,0
49,27697.0,11865.0,766.0,10,0.24,1
28,83295.0,48667.0,666.0,6,0.26,0
25,45308.0,18206.0,651.0,8,0.46,0
49,43795.0,6065.0,705.0,0,0.43,0
24,64011.0,8820.0,752.0,28,0.39,0
32,82973.0,47768.0,708.0,13,0.2,0
22,39684.0,9867.0,605.0,19,0.46,0
47,61234.0,8942.0,652.0,5,0.16,0
51,68576.0,27398.0,696.0,6,0.35,1
56,73862.0,30418.0,695.0,9,0.11,0
56,63529.0,26952.0,818.0,6,0.36,0
46,52659.0,12307.0,617.0,25,0.21,0
47,43448.0,4673.0,730.0,1,0.28,0
25,61723.0,35954.0,789.0,29,0.24,0
40,38557.0,8693.0,836.0,3,0.17,0
31,20000.0,8760.0,676.0,20,0.35,0
30,68731.0,31157.0,729.0,29,0.45,1
58,78079.0,31622.0,734.0,27,0.48,0
26,20000.0,5129.0,712.0,16,0.18,0
28,39805.0,9376.0,694.0,0,0.39,0
43,72383.0,28869.0,726.0,9,0.37,0
46,101150.0,53918.0,550.0,18,0.24,0
32,60416.0,34640.0,741.0,14,0.11,0
46,45440.0,6950.0,708.0,9,0.38,0
33,56342.0,9996.0,687.0,18,0.48,1
38,87498.0,50081.0,823.0,11,0.35,0
45,47081.0,22046.0,660.0,23,0.27,0
53,44016.0,23835.0,676.0,15,0.31,0
32,50345.0,10135.0,819.0,8,0.18,0
56,40933.0,16119.0,650.0,14,0.4,1
24,62453.0,28140.0,667.0,29,0.4,0
25,92494.0,40702.0,691.0,26,0.16,0
57,66462.0,20209.0,750.0,27,0.45,0
28,54953.0,5918.0,712.0,16,0.21,0
48,54164.0,21203.0,622.0,13,0.49,0
51,28736.0,6510.0,668.0,26,0.25,0
29,77662.0,25250.0,664.0,17,0.17,0
49,58443.0,33826.0,695.0,25,0.24,0
34,56390.0,16890.0,726.0,1,0.28,0
42,123862.0,64396.0,725.0,3,0.13,0
31,65975.0,12817.0,593.0,17,0.33,0
43,44964.0,19615.0,764.0,6,0.34,0
21,51473.0,30292.0,715.0,12,0.4,0
57,82969.0,12524.0,783.0,14,0.11,0
41,62265.0,6486.0,727.0,24,0.32,0
46,31234.0,9895.0,766.0,22,0.12,0
56,78385.0,11469.0,728.0,27,0.38,0
43,46637.0,22115.0,781.0,21,0.12,0
21,97466.0,54315.0,731.0,25,0.46,0
35,81601.0,25868.0,694.0,0,0.38,0
41,51054.0,11709.0,836.0,10,0.3,0
29,85620.0,27159.0,753.0,9,0.28,0
29,61357.0,28330.0,734.0,24,0.15,1
30,77055.0,8054.0,623.0,4,0.22,0
46,69695.0,27510.0,623.0,15,0.45,1
55,43073.0,17515.0,718.0,10,0.46,0
45,47129.0,19740.0,709.0,20,0.1,0
46,80599.0,17813.0,663.0,5,0.34,0
31,53304.0,24362.0,708.0,8,0.39,0
58,51927.0,7566.0,795.0,12,0.35,0
22,40898.0,8165.0,742.0,23,0.13,0
27,68472.0,36888.0,632.0,7,0.19,0
38,101250.0,47523.0,693.0,13,0.2,0
47,38649.0,4131.0,652.0,23,0.43,0
